{
  "generated_at": "2025-09-08T13:38:50.323722Z",
  "accuracy": 0.9994910941475827,
  "report": {
    "no-primer": {
      "precision": 0.9994413407821229,
      "recall": 1.0,
      "f1-score": 0.9997205923442303,
      "support": 1789.0
    },
    "primer": {
      "precision": 1.0,
      "recall": 0.9943181818181818,
      "f1-score": 0.9971509971509972,
      "support": 176.0
    },
    "accuracy": 0.9994910941475827,
    "macro avg": {
      "precision": 0.9997206703910615,
      "recall": 0.9971590909090908,
      "f1-score": 0.9984357947476137,
      "support": 1965.0
    },
    "weighted avg": {
      "precision": 0.9994913784525282,
      "recall": 0.9994910941475827,
      "f1-score": 0.9994904403065666,
      "support": 1965.0
    }
  }
}