,precision,recall,f1-score,support
no-primer,0.9994413407821229,1.0,0.9997205923442303,1789.0
primer,1.0,0.9943181818181818,0.9971509971509972,176.0
accuracy,,0.9994910941475827,0.9994910941475827,0.9994910941475827
macro avg,0.9997206703910615,0.9971590909090908,0.9984357947476137,1965.0
weighted avg,0.9994913784525282,0.9994910941475827,0.9994904403065666,1965.0
